INSERT INTO T_LS_USUARIO (nm_usuario, dt_nascimento, ds_email, nr_telefone, ds_senha)
VALUES 
('Maira', '2007-01-10', 'maira@seuemail.com', '48999990002', 'hash456def'),
('Diogo', '2007-01-10', 'diogo@seuemail.com', '48999990001', 'hash123abc'),
('Julia', '2007-01-10', 'julia@seuemail.com', '48999990003', 'hash789ghi'),
('Aram San San', '2007-01-10', 'aram@seuemail.com', '48999990004', 'hash321jkl'),
('Alfredo Legal', '2007-01-10', 'felipe@seuemail.com', '48999990005', 'hash654mno');

INSERT INTO T_LS_PUBLICACAO (cd_usuario, dt_publicacao, ds_publicacao, ds_imagem, ds_video)
VALUES
(1, CONVERT(DATETIME, '2026-01-10 10:30:00', 120), 'É hoje que eu termino Kamissama Kiss pela 5ª vez', NULL, NULL),
(2, CONVERT(DATETIME, '2026-01-11 14:15:00', 120), 'Cadê a Maira? Não acho meu amor', NULL, NULL),
(3, CONVERT(DATETIME, '2026-01-12 09:00:00', 120), 'Testando fundamentações teóricas pessoal', NULL, NULL),
(4, CONVERT(DATETIME, '2026-01-13 16:45:00', 120), 'Aprendi a rodar DOOM no python glr', NULL, NULL),
(5, CONVERT(DATETIME, '2026-01-14 08:20:00', 120), '+1 derrota no Valorant, jogo ruim', NULL, NULL);

INSERT INTO T_LS_TREINO (cd_usuario, nm_treino, ds_treino, tp_treino)
VALUES
(2, 'Treinão 1', 'Costas e Bíceps', 'A'),
(1, 'Normal', 'Geral', 'A'),
(1, 'Cardio', 'Corrida e bicicleta', 'C'),
(3, 'Treino Atual', 'Treino intervalado de alta intensidade', 'H'),
(4, 'Musculação Leve', 'Treino de memória e HTML', 'C'),
(5, 'Crossfit', 'Crossfit', 'A');

INSERT INTO T_LS_CATEGORIA (nm_categoria, nv_dificuldade)
VALUES
('Alto volume', 'A'),
('Baixo volume', 'B');

INSERT INTO T_LS_EXERCICIO (cd_categoria, nm_exercicio, qt_series, nr_repeticoes, ds_video_demontracao, ds_imagem_demonstracao)
VALUES
(1, 'Agachamento Livre', 3, 12, NULL, NULL),
(1, 'Flexão de Braço', 3, 10, NULL, NULL),
(1, 'Abdominal Crunch', 4, 12, NULL, NULL),
(1, 'Prancha', 2, 15, NULL, NULL),
(1, 'Puxada na Barra', 3, 8, NULL, NULL),
(1, 'Elevação de Pernas', 3, 12, NULL, NULL),
(1, 'Leg Press Leve', 4, 10, NULL, NULL),
(1, 'Remada Curvada', 3, 15, NULL, NULL),
(1, 'Extensão de Tríceps', 2, 12, NULL, NULL),
(1, 'Rosca Direta', 3, 10, NULL, NULL),
(2, 'Agachamento com Barra', 5, 12, NULL, NULL),
(2, 'Supino Reto', 4, 15, NULL, NULL),
(2, 'Levantamento Terra', 5, 10, NULL, NULL),
(2, 'Remada Unilateral', 4, 12, NULL, NULL),
(2, 'Elevação Lateral', 5, 8, NULL, NULL),
(2, 'Rosca Martelo', 4, 10, NULL, NULL),
(2, 'Tríceps Pulley', 5, 15, NULL, NULL),
(2, 'Abdominal com Peso', 4, 12, NULL, NULL),
(2, 'Leg Press Pesado', 5, 10, NULL, NULL),
(2, 'Stiff com Halteres', 4, 8, NULL, NULL);

INSERT INTO T_LS_TREINO_EXERCICIO (cd_treino, cd_exercicio)
VALUES
(1, 5),
(1, 8),
(1, 10),
(1, 14),
(1, 16),
(1, 12),
(1, 19),
(2, 1),
(2, 2),
(2, 3),
(2, 4),
(2, 6),
(2, 9),
(2, 18),
(2, 11),
(3, 4),
(3, 3),
(3, 6),
(3, 15),
(3, 18),
(3, 1),
(3, 2),
(4, 11),
(4, 13),
(4, 12),
(4, 15),
(4, 17),
(4, 18),
(4, 19),
(4, 20),
(5, 7),
(5, 1),
(5, 8),
(5, 10),
(5, 9),
(5, 3),
(5, 4),
(6, 11),
(6, 13),
(6, 2),
(6, 5),
(6, 6),
(6, 18),
(6, 19),
(6, 20);

INSERT INTO T_LS_INTERACAO (cd_usuario, dt_interacao, ds_interacao, ds_imagem, ds_video)
VALUES
(1, CONVERT(DATETIME, '2026-01-10 11:00:00', 120), 'Hoje o treino de cardio foi pesado, mas consegui!', NULL, NULL),
(2, CONVERT(DATETIME, '2026-01-11 15:30:00', 120), 'Fiz alongamento e yoga, sensação de paz total', NULL, NULL),
(3, CONVERT(DATETIME, '2026-01-12 09:30:00', 120), 'HIIT concluído, sinto que meus batimentos vão explodir', NULL, NULL),
(4, CONVERT(DATETIME, '2026-01-13 17:00:00', 120), 'Treino leve hoje, só pra não perder o ritmo', NULL, NULL),
(5, CONVERT(DATETIME, '2026-01-14 08:45:00', 120), 'Crossfit insano! Não aguento mais', NULL, NULL),
(1, CONVERT(DATETIME, '2026-01-14 10:00:00', 120), 'Postei meu progresso no grupo, alguém viu?', NULL, NULL),
(2, CONVERT(DATETIME, '2026-01-14 10:15:00', 120), 'Foto do meu alongamento do dia', 'imagem1.png', NULL),
(3, CONVERT(DATETIME, '2026-01-14 11:00:00', 120), 'Adoadoado', NULL, NULL);

INSERT INTO T_LS_GRUPO (nm_grupo) VALUES
('Grupo da galera do cedup'),
('Grupo dos manos homem macho alfa');

INSERT INTO T_LS_GRUPO_USUARIO (cd_grupo, cd_usuario) VALUES
(1, 1), (1, 2), (1, 3), (1, 4), 
(1, 5), (2, 1), (2, 4), (2, 5);

INSERT INTO T_LS_INTERACAO_GRUPO (cd_grupo, dt_interacao, ds_interacao_grupo, ds_imagem_grupo, ds_video_grupo) VALUES
(1, '2026-01-10 12:30:00', 'Bom dia pessoal, terminei o treino da manhã', NULL, NULL),
(1, '2026-01-10 13:00:00', 'Consegui completar todas as séries, e vocês?', NULL, NULL),
(1, '2026-01-11 09:45:00', 'Podemos marcar um treino de cardio mais tarde', NULL, NULL),
(2, '2026-01-11 17:00:00', 'O treino de crossfit foi intenso hoje', NULL, NULL),
(2, '2026-01-12 08:30:00', 'Bati meu recorde no levantamento terra', NULL, NULL),
(2, '2026-01-12 09:00:00', 'Vamos combinar o próximo treino pesado amanhã', NULL, NULL);

INSERT INTO T_LS_CONEXAO (cd_usuario, nm_playlist, ds_link_conexao, tp_plataforma) VALUES
(1, 'Playlist CAS', 'https://spotify.com/playlist1', 'S'),
(2, 'Minecraft OST', 'https://deezer.com/playlist2', 'D'),
(3, 'Jimin do BITIES', 'https://youtube.com/playlist3', 'Y'),
(4, 'Força e Resistência, o poder da mente nos dias de hoje', 'https://spotify.com/playlist4', 'S'),
(5, 'Crossfit né pae', 'https://youtube.com/playlist5', 'Y');

INSERT INTO T_LS_AGENDA (cd_usuario, qt_dias, ds_anotacao) VALUES
(1, 15, 'Hoje finalizei meu treino focado em costas e braços. Senti bastante evolução no último exercício de puxada na barra. Amanhã quero tentar aumentar a carga nos halteres.'),
(2, 20, 'Completei o treino de corrida e HIIT pela manhã. Me desafiei a melhorar meu tempo no sprints. Preciso lembrar de hidratar melhor antes e depois.'),
(3, 10, 'Yoga e alongamento foram ótimos hoje. Consegui manter a postura na prancha por mais tempo e relaxei bastante após a sessão.'),
(4, 12, 'Treinos de força e resistência intensos. Foco em agachamento e supino, senti bastante esforço mas recompensador. Amanhã devo descansar um pouco.'),
(5, 18, 'Crossfit e treinos intervalados concluídos. Consegui bater meu recorde pessoal no levantamento terra e pretendo continuar aumentando gradualmente a carga.');

INSERT INTO T_LS_ACOMPANHAMENTO (cd_usuario, dt_nutri) VALUES
(1, '2026-01-07'),
(1, '2026-01-08'),
(1, '2026-01-09'),
(1, '2026-01-10'),
(1, '2026-01-11'),
(1, '2026-01-12'),
(1, '2026-01-13'),
(2, '2026-01-07'),
(2, '2026-01-08'),
(2, '2026-01-09'),
(2, '2026-01-10'),
(2, '2026-01-11'),
(2, '2026-01-12'),
(2, '2026-01-13'),
(3, '2026-01-07'),
(3, '2026-01-08'),
(3, '2026-01-09'),
(3, '2026-01-10'),
(3, '2026-01-11'),
(3, '2026-01-12'),
(3, '2026-01-13'),
(4, '2026-01-07'),
(4, '2026-01-08'),
(4, '2026-01-09'),
(4, '2026-01-10'),
(4, '2026-01-11'),
(4, '2026-01-12'),
(4, '2026-01-13'),
(5, '2026-01-07'),
(5, '2026-01-08'),
(5, '2026-01-09'),
(5, '2026-01-10'),
(5, '2026-01-11'),
(5, '2026-01-12'),
(5, '2026-01-13');

INSERT INTO T_LS_METRICA_CORPORAL (cd_nutri, vl_peso, vl_altura, vl_taxa_basal, vl_bf) VALUES
(1, 68.00, 1.73, 1400, 22),
(2, 67.80, 1.73, 1402, 22),
(3, 68.10, 1.73, 1401, 21),
(4, 68.20, 1.73, 1403, 21),
(5, 68.00, 1.73, 1400, 21),
(6, 68.05, 1.73, 1401, 21),
(7, 67.95, 1.73, 1400, 20),
(8, 80.00, 1.75, 1650, 18),
(9, 80.10, 1.75, 1652, 18),
(10, 79.90, 1.75, 1648, 18),
(11, 80.05, 1.75, 1650, 19),
(12, 80.00, 1.75, 1651, 18),
(13, 80.20, 1.75, 1653, 18),
(14, 79.95, 1.75, 1649, 18),
(15, 80.00, 1.72, 1500, 20),
(16, 80.10, 1.72, 1502, 20),
(17, 79.90, 1.72, 1498, 21),
(18, 80.05, 1.72, 1501, 20),
(19, 80.00, 1.72, 1500, 20),
(20, 79.95, 1.72, 1499, 20),
(21, 80.10, 1.72, 1502, 21),
(22, 70.00, 1.80, 1750, 17),
(23, 70.10, 1.80, 1752, 17),
(24, 69.90, 1.80, 1748, 17),
(25, 70.05, 1.80, 1751, 18),
(26, 70.00, 1.80, 1750, 17),
(27, 69.95, 1.80, 1749, 17),
(28, 70.10, 1.80, 1752, 18),
(29, 70.00, 1.80, 1800, 19),
(30, 70.05, 1.80, 1801, 19),
(31, 69.95, 1.80, 1799, 18),
(32, 70.10, 1.80, 1802, 19),
(33, 70.00, 1.80, 1800, 18),
(34, 70.05, 1.80, 1801, 18),
(35, 69.90, 1.80, 1798, 18);

INSERT INTO T_LS_REFEICAO (cd_nutri, dt_refeicao)
VALUES
(1, CONVERT(DATETIME,'2026-01-10 08:00:00',120)), (1, CONVERT(DATETIME,'2026-01-10 12:30:00',120)), (1, CONVERT(DATETIME,'2026-01-10 19:00:00',120)),
(2, CONVERT(DATETIME,'2026-01-11 08:00:00',120)), (2, CONVERT(DATETIME,'2026-01-11 12:30:00',120)), (2, CONVERT(DATETIME,'2026-01-11 19:00:00',120)),
(3, CONVERT(DATETIME,'2026-01-12 08:00:00',120)), (3, CONVERT(DATETIME,'2026-01-12 12:30:00',120)), (3, CONVERT(DATETIME,'2026-01-12 19:00:00',120)),
(4, CONVERT(DATETIME,'2026-01-13 08:00:00',120)), (4, CONVERT(DATETIME,'2026-01-13 12:30:00',120)), (4, CONVERT(DATETIME,'2026-01-13 19:00:00',120)),
(5, CONVERT(DATETIME,'2026-01-14 08:00:00',120)), (5, CONVERT(DATETIME,'2026-01-14 12:30:00',120)), (5, CONVERT(DATETIME,'2026-01-14 19:00:00',120)),
(6, CONVERT(DATETIME,'2026-01-15 08:00:00',120)), (6, CONVERT(DATETIME,'2026-01-15 12:30:00',120)), (6, CONVERT(DATETIME,'2026-01-15 19:00:00',120)),
(7, CONVERT(DATETIME,'2026-01-16 08:00:00',120)), (7, CONVERT(DATETIME,'2026-01-16 12:30:00',120)), (7, CONVERT(DATETIME,'2026-01-16 19:00:00',120));

INSERT INTO T_LS_REFEICAO (cd_nutri, dt_refeicao)
VALUES
(8, CONVERT(DATETIME,'2026-01-10 08:00:00',120)), (8, CONVERT(DATETIME,'2026-01-10 12:30:00',120)), (8, CONVERT(DATETIME,'2026-01-10 19:00:00',120)),
(9, CONVERT(DATETIME,'2026-01-11 08:00:00',120)), (9, CONVERT(DATETIME,'2026-01-11 12:30:00',120)), (9, CONVERT(DATETIME,'2026-01-11 19:00:00',120)),
(10, CONVERT(DATETIME,'2026-01-12 08:00:00',120)), (10, CONVERT(DATETIME,'2026-01-12 12:30:00',120)), (10, CONVERT(DATETIME,'2026-01-12 19:00:00',120)),
(11, CONVERT(DATETIME,'2026-01-13 08:00:00',120)), (11, CONVERT(DATETIME,'2026-01-13 12:30:00',120)), (11, CONVERT(DATETIME,'2026-01-13 19:00:00',120)),
(12, CONVERT(DATETIME,'2026-01-14 08:00:00',120)), (12, CONVERT(DATETIME,'2026-01-14 12:30:00',120)), (12, CONVERT(DATETIME,'2026-01-14 19:00:00',120)),
(13, CONVERT(DATETIME,'2026-01-15 08:00:00',120)), (13, CONVERT(DATETIME,'2026-01-15 12:30:00',120)), (13, CONVERT(DATETIME,'2026-01-15 19:00:00',120)),
(14, CONVERT(DATETIME,'2026-01-16 08:00:00',120)), (14, CONVERT(DATETIME,'2026-01-16 12:30:00',120)), (14, CONVERT(DATETIME,'2026-01-16 19:00:00',120));

INSERT INTO T_LS_REFEICAO (cd_nutri, dt_refeicao)
VALUES
(15, CONVERT(DATETIME,'2026-01-10 08:00:00',120)), (15, CONVERT(DATETIME,'2026-01-10 12:30:00',120)), (15, CONVERT(DATETIME,'2026-01-10 19:00:00',120)),
(16, CONVERT(DATETIME,'2026-01-11 08:00:00',120)), (16, CONVERT(DATETIME,'2026-01-11 12:30:00',120)), (16, CONVERT(DATETIME,'2026-01-11 19:00:00',120)),
(17, CONVERT(DATETIME,'2026-01-12 08:00:00',120)), (17, CONVERT(DATETIME,'2026-01-12 12:30:00',120)), (17, CONVERT(DATETIME,'2026-01-12 19:00:00',120)),
(18, CONVERT(DATETIME,'2026-01-13 08:00:00',120)), (18, CONVERT(DATETIME,'2026-01-13 12:30:00',120)), (18, CONVERT(DATETIME,'2026-01-13 19:00:00',120)),
(19, CONVERT(DATETIME,'2026-01-14 08:00:00',120)), (19, CONVERT(DATETIME,'2026-01-14 12:30:00',120)), (19, CONVERT(DATETIME,'2026-01-14 19:00:00',120)),
(20, CONVERT(DATETIME,'2026-01-15 08:00:00',120)), (20, CONVERT(DATETIME,'2026-01-15 12:30:00',120)), (20, CONVERT(DATETIME,'2026-01-15 19:00:00',120)),
(21, CONVERT(DATETIME,'2026-01-16 08:00:00',120)), (21, CONVERT(DATETIME,'2026-01-16 12:30:00',120)), (21, CONVERT(DATETIME,'2026-01-16 19:00:00',120));

INSERT INTO T_LS_REFEICAO (cd_nutri, dt_refeicao)
VALUES
(22, CONVERT(DATETIME,'2026-01-10 08:00:00',120)), (22, CONVERT(DATETIME,'2026-01-10 12:30:00',120)), (22, CONVERT(DATETIME,'2026-01-10 19:00:00',120)),
(23, CONVERT(DATETIME,'2026-01-11 08:00:00',120)), (23, CONVERT(DATETIME,'2026-01-11 12:30:00',120)), (23, CONVERT(DATETIME,'2026-01-11 19:00:00',120)),
(24, CONVERT(DATETIME,'2026-01-12 08:00:00',120)), (24, CONVERT(DATETIME,'2026-01-12 12:30:00',120)), (24, CONVERT(DATETIME,'2026-01-12 19:00:00',120)),
(25, CONVERT(DATETIME,'2026-01-13 08:00:00',120)), (25, CONVERT(DATETIME,'2026-01-13 12:30:00',120)), (25, CONVERT(DATETIME,'2026-01-13 19:00:00',120)),
(26, CONVERT(DATETIME,'2026-01-14 08:00:00',120)), (26, CONVERT(DATETIME,'2026-01-14 12:30:00',120)), (26, CONVERT(DATETIME,'2026-01-14 19:00:00',120)),
(27, CONVERT(DATETIME,'2026-01-15 08:00:00',120)), (27, CONVERT(DATETIME,'2026-01-15 12:30:00',120)), (27, CONVERT(DATETIME,'2026-01-15 19:00:00',120)),
(28, CONVERT(DATETIME,'2026-01-16 08:00:00',120)), (28, CONVERT(DATETIME,'2026-01-16 12:30:00',120)), (28, CONVERT(DATETIME,'2026-01-16 19:00:00',120));

INSERT INTO T_LS_REFEICAO (cd_nutri, dt_refeicao)
VALUES
(29, CONVERT(DATETIME,'2026-01-10 08:00:00',120)), (29, CONVERT(DATETIME,'2026-01-10 12:30:00',120)), (29, CONVERT(DATETIME,'2026-01-10 19:00:00',120)),
(30, CONVERT(DATETIME,'2026-01-11 08:00:00',120)), (30, CONVERT(DATETIME,'2026-01-11 12:30:00',120)), (30, CONVERT(DATETIME,'2026-01-11 19:00:00',120)),
(31, CONVERT(DATETIME,'2026-01-12 08:00:00',120)), (31, CONVERT(DATETIME,'2026-01-12 12:30:00',120)), (31, CONVERT(DATETIME,'2026-01-12 19:00:00',120)),
(32, CONVERT(DATETIME,'2026-01-13 08:00:00',120)), (32, CONVERT(DATETIME,'2026-01-13 12:30:00',120)), (32, CONVERT(DATETIME,'2026-01-13 19:00:00',120)),
(33, CONVERT(DATETIME,'2026-01-14 08:00:00',120)), (33, CONVERT(DATETIME,'2026-01-14 12:30:00',120)), (33, CONVERT(DATETIME,'2026-01-14 19:00:00',120)),
(34, CONVERT(DATETIME,'2026-01-15 08:00:00',120)), (34, CONVERT(DATETIME,'2026-01-15 12:30:00',120)), (34, CONVERT(DATETIME,'2026-01-15 19:00:00',120)),
(35, CONVERT(DATETIME,'2026-01-16 08:00:00',120)), (35, CONVERT(DATETIME,'2026-01-16 12:30:00',120)), (35, CONVERT(DATETIME,'2026-01-16 19:00:00',120));

INSERT INTO T_LS_ALIMENTO (nm_alimento, tp_alimento)
VALUES
('Peito de Frango', 'P'),
('Ovo', 'P'),
('Carne Bovina', 'P'),
('Peixe Salmão', 'P'),
('Atum', 'P'),
('Tofu', 'P'),
('Queijo Cottage', 'P'),
('Iogurte Natural', 'P'),
('Leite', 'P'),
('Carne Suína', 'P'),
('Camarão', 'P'),
('Sardinha', 'P'),
('Truta', 'P'),
('Amêndoas', 'L'),
('Castanha de Caju', 'L'),
('Nozes', 'L'),
('Azeite de Oliva', 'L'),
('Manteiga', 'L'),
('Abacate', 'L'),
('Sementes de Chia', 'L'),
('Sementes de Linhaça', 'L'),
('Óleo de Coco', 'L'),
('Óleo de Peixe', 'L'),
('Peanut Butter', 'L'),
('Banana', 'C'),
('Maçã', 'C'),
('Laranja', 'C'),
('Manga', 'C'),
('Morango', 'C'),
('Melancia', 'C'),
('Abacaxi', 'C'),
('Pera', 'C'),
('Uva', 'C'),
('Mamão', 'C'),
('Aveia', 'C'),
('Arroz Integral', 'C'),
('Macarrão Integral', 'C'),
('Batata Doce', 'C'),
('Batata Inglesa', 'C'),
('Feijão Preto', 'C'),
('Lentilha', 'C'),
('Grão-de-Bico', 'C'),
('Ervilha', 'C'),
('Quinoa', 'C'),
('Cenoura', 'V'),
('Brócolis', 'V'),
('Espinafre', 'V'),
('Abobrinha', 'V'),
('Tomate', 'V'),
('Pepino', 'V'),
('Couve', 'V'),
('Alface', 'V'),
('Rúcula', 'V'),
('Pimentão', 'V'),
('Beterraba', 'V'),
('Cebola', 'V'),
('Alho', 'V'),
('Cogumelo', 'V'),
('Repolho', 'V'),
('Erva-doce', 'V'),
('Gengibre', 'V'),
('Laranja', 'V'),
('Limão', 'V'),
('Kiwi', 'V'),
('Morango', 'V'),
('Banana', 'V'),
('Iogurte Natural', 'M'),
('Leite', 'M'),
('Queijo Minas', 'M'),
('Queijo Mussarela', 'M'),
('Queijo Parmesão', 'M'),
('Tofu', 'M'),
('Amêndoas', 'M'),
('Castanha de Caju', 'M'),
('Nozes', 'M'),
('Sementes de Abóbora', 'M'),
('Sementes de Girassol', 'M'),
('Peixe Sardinha', 'M'),
('Salmão', 'M'),
('Ostras', 'M'),
('Camarão', 'M'),
('Chocolate Amargo', 'C'),
('Biscoito Integral', 'C'),
('Granola', 'C'),
('Pão Integral', 'C'),
('Mel', 'C'),
('Amendoim', 'L'),
('Coco Ralado', 'L'),
('Óleo de Soja', 'L'),
('Óleo de Milho', 'L'),
('Óleo de Canola', 'L'),
('Chá Verde', 'V'),
('Café', 'V'),
('Água de Coco', 'V'),
('Suco de Laranja', 'V'),
('Tomate Seco', 'V'),
('Azeitona', 'L'),
('Pepino em Conserva', 'V'),
('Cenoura Baby', 'V'),
('Ervilha Tortinha', 'V'),
('Espinafre Cozido', 'V'),
('Alface Crespa', 'V'),
('Repolho Roxo', 'V'),
('Brócolis Cozido', 'V'),
('Couve-flor', 'V'),
('Abacaxi em Cubos', 'V'),
('Pêssego', 'V'),
('Cereja', 'V'),
('Mirtilo', 'V'),
('Amora', 'V'),
('Framboesa', 'V'),
('Maçã Verde', 'V'),
('Mamão Papaya', 'V'),
('Beterraba Cozida', 'V');

INSERT INTO T_LS_REFEICAO_ALIMENTO (cd_refeicao, cd_alimento, qt_alimento) VALUES
(1,1,100),(1,2,50),(1,3,30),
(2,4,120),(2,5,60),
(3,6,80),(3,7,40),(3,8,30),
(4,9,150),
(5,10,100),(5,11,50),
(6,12,80),(6,13,40),
(7,14,120),(7,15,60),(7,16,40),
(8,17,90),
(9,18,70),(9,19,50),
(10,20,100),(10,21,30),(10,22,40),
(11,23,60),
(12,24,80),(12,25,50),
(13,26,100),
(14,27,70),(14,28,40),(14,29,30),
(15,30,90),
(16,31,120),
(17,32,80),(17,33,50),
(18,34,100),
(19,35,60),(19,36,40),
(20,37,80),(20,38,50),
(21,39,70);

INSERT INTO T_LS_REFEICAO_ALIMENTO (cd_refeicao, cd_alimento, qt_alimento) VALUES
(22,40,100),(22,41,50),(22,42,30),
(23,43,120),
(24,44,80),(24,45,40),
(25,46,100),(25,47,50),
(26,48,90),
(27,49,70),(27,50,40),
(28,51,100),
(29,52,80),
(30,53,60),(30,54,50),
(31,55,90),
(32,56,100),(32,57,70),
(33,58,80),
(34,59,120),(34,60,50),
(35,61,100),
(36,62,60),(36,63,40),
(37,64,90),
(38,65,80),
(39,66,100),(39,67,50),
(40,68,120),
(41,69,80),(41,70,60),
(42,71,100);

INSERT INTO T_LS_REFEICAO_ALIMENTO (cd_refeicao, cd_alimento, qt_alimento) VALUES
(43,17,100),(43,18,50),
(44,19,80),
(45,20,120),(45,21,60),
(46,22,90),
(47,23,100),(47,24,50),
(48,25,80),(48,26,40),
(49,27,100),
(50,28,70),(50,29,50),
(51,30,90),
(52,31,100),(52,32,40),
(53,33,120),
(54,34,80),(54,35,50),
(55,36,100),
(56,37,60),(56,38,40),
(57,39,90),
(58,40,100),(58,41,50),
(59,42,80),
(60,43,100),(60,44,60),
(61,45,90),
(62,46,100),(62,47,50),
(63,48,80);

INSERT INTO T_LS_REFEICAO_ALIMENTO (cd_refeicao, cd_alimento, qt_alimento) VALUES
(64,10,100),(64,20,50),(64,30,40),
(65,11,90),(65,21,60),
(66,12,80),(66,22,50),
(67,13,100),
(68,14,70),(68,24,40),
(69,15,120),(69,25,60),
(70,16,80),
(71,17,100),(71,27,50),
(72,18,90),
(73,19,100),(73,29,40),
(74,20,80),
(75,21,100),(75,31,50),
(76,22,90),
(77,23,100),(77,33,40),
(78,24,80),
(79,25,100),(79,35,50),
(80,26,90),
(81,27,100),(81,37,40),
(82,28,80),
(83,29,100),(83,39,50),
(84,30,90);

INSERT INTO T_LS_REFEICAO_ALIMENTO (cd_refeicao, cd_alimento, qt_alimento) VALUES
(85,50,100),(85,60,50),
(86,51,90),(86,61,40),
(87,52,80),
(88,53,100),(88,63,50),
(89,54,90),
(90,55,100),(90,65,40),
(91,56,80),
(92,57,100),(92,67,50),
(93,58,90),
(94,59,100),(94,69,40),
(95,60,80),
(96,61,100),(96,71,50),
(97,62,90),
(98,63,100),(98,73,40),
(99,64,80),
(100,65,100),(100,75,50),
(101,66,90),
(102,67,100),(102,77,40),
(103,68,80),
(104,69,100),(104,79,50),
(105,70,90);

INSERT INTO T_LS_INFORMACAO_NUTRICIONAL
(cd_alimento, tm_porcao, vl_energetico, qt_carboidrato, qt_proteina, qt_acucar_total, qt_acucar_adicionado, qt_gordura_total, qt_gordura_saturada, qt_gordura_trans, qt_fibra, qt_sodio)
VALUES
(1, 100, 165, 0.0, 31.0, 0.0, 0.0, 3.6, 1.0, 0.0, 0.0, 74.0),
(2, 100, 155, 1.1, 13.0, 1.1, 0.0, 11.0, 3.3, 0.0, 0.0, 124.0),
(3, 100, 250, 0.0, 26.0, 0.0, 0.0, 17.0, 6.5, 0.0, 0.0, 72.0),
(4, 100, 208, 0.0, 20.0, 0.0, 0.0, 13.0, 3.1, 0.0, 0.0, 59.0),
(5, 100, 132, 0.0, 28.0, 0.0, 0.0, 1.3, 0.3, 0.0, 0.0, 50.0),
(6, 100, 76, 1.9, 8.0, 0.3, 0.0, 4.8, 0.7, 0.0, 0.0, 7.0),
(7, 100, 98, 3.4, 11.0, 3.4, 0.0, 4.3, 2.7, 0.0, 0.0, 364.0),
(8, 100, 61, 4.7, 3.5, 4.7, 0.0, 3.3, 2.1, 0.0, 0.0, 46.0),
(9, 100, 42, 5.0, 3.4, 5.0, 0.0, 1.0, 0.6, 0.0, 0.0, 44.0),
(10, 100, 242, 0.0, 27.0, 0.0, 0.0, 14.0, 5.0, 0.0, 0.0, 59.0),
(11, 100, 99, 0.0, 24.0, 0.0, 0.0, 0.3, 0.0, 0.0, 0.0, 148.0),
(12, 100, 208, 0.0, 25.0, 0.0, 0.0, 12.0, 2.0, 0.0, 0.0, 90.0),
(13, 100, 148, 0.0, 20.0, 0.0, 0.0, 7.0, 1.5, 0.0, 0.0, 60.0),
(14, 100, 579, 21.0, 21.0, 4.0, 0.0, 49.0, 4.0, 0.0, 8.0, 2.0),
(15, 100, 553, 30.0, 18.0, 4.0, 0.0, 46.0, 7.0, 0.0, 5.0, 3.0),
(16, 100, 654, 14.0, 15.0, 3.0, 0.0, 57.0, 8.0, 0.0, 7.0, 2.0),
(17, 100, 884, 0.0, 15.0, 0.0, 0.0, 100.0, 6.0, 0.0, 0.0, 1.0),
(18, 100, 160, 9.0, 1.9, 1.0, 0.0, 14.0, 2.0, 0.0, 2.0, 1.0),
(19, 100, 160, 8.0, 2.0, 0.0, 0.0, 15.0, 3.0, 0.0, 2.0, 2.0),
(20, 100, 862, 0.0, 20.0, 0.0, 0.0, 85.0, 12.0, 0.0, 0.0, 1.0),
(21, 100, 534, 16.0, 20.0, 3.0, 0.0, 40.0, 5.0, 0.0, 8.0, 1.0),
(22, 100, 884, 0.0, 20.0, 0.0, 0.0, 100.0, 6.0, 0.0, 0.0, 1.0),
(23, 100, 89, 23.0, 1.1, 12.0, 0.0, 0.3, 0.1, 0.0, 3.0, 1.0),
(24, 100, 52, 14.0, 0.3, 5.0, 0.0, 0.2, 0.1, 0.0, 2.0, 1.0),
(25, 100, 41, 10.0, 0.9, 4.0, 0.0, 0.2, 0.1, 0.0, 2.0, 1.0),
(26, 100, 55, 11.0, 1.2, 6.0, 0.0, 0.3, 0.1, 0.0, 2.0, 1.0),
(27, 100, 32, 6.0, 2.0, 2.0, 0.0, 0.1, 0.0, 0.0, 2.0, 1.0),
(28, 100, 23, 5.0, 0.9, 2.0, 0.0, 0.1, 0.0, 0.0, 3.0, 1.0),
(29, 100, 71, 12.0, 3.5, 6.0, 0.0, 0.3, 0.1, 0.0, 4.0, 1.0),
(30, 100, 120, 21.0, 4.0, 10.0, 0.0, 2.0, 0.3, 0.0, 6.0, 5.0),
(31, 100, 130, 28.0, 2.5, 14.0, 0.0, 3.0, 0.5, 0.0, 7.0, 6.0),
(32, 100, 110, 23.0, 3.0, 9.0, 0.0, 2.0, 0.3, 0.0, 6.0, 3.0),
(33, 100, 120, 18.0, 2.0, 8.0, 0.0, 1.0, 0.2, 0.0, 5.0, 2.0),
(34, 100, 105, 15.0, 3.0, 5.0, 0.0, 1.0, 0.2, 0.0, 4.0, 2.0),
(35, 100, 89, 19.0, 2.0, 7.0, 0.0, 0.4, 0.1, 0.0, 5.0, 1.0),
(36, 100, 89, 19.0, 2.0, 7.0, 0.0, 0.4, 0.1, 0.0, 5.0, 1.0),
(37, 100, 75, 1.0, 0.3, 0.5, 0.0, 4.5, 1.0, 0.0, 0.0, 2.0),
(38, 100, 62, 2.0, 0.5, 1.0, 0.0, 3.5, 0.8, 0.0, 1.0, 3.0),
(39, 100, 56, 0.0, 1.2, 0.0, 0.0, 4.8, 3.0, 0.0, 0.0, 1.0),
(40, 100, 720, 0.0, 0.0, 0.0, 0.0, 80.0, 14.0, 0.0, 0.0, 2.0),
(41, 100, 370, 5.0, 5.0, 5.0, 0.0, 35.0, 5.0, 0.0, 5.0, 3.0),
(42, 100, 32, 7.0, 2.0, 2.0, 0.0, 0.2, 0.0, 0.0, 3.0, 2.0),
(43, 100, 23, 5.0, 1.0, 2.0, 0.0, 0.1, 0.0, 0.0, 2.0, 1.0),
(44, 100, 22, 4.0, 1.0, 1.0, 0.0, 0.1, 0.0, 0.0, 2.0, 1.0),
(45, 100, 31, 6.0, 2.0, 2.0, 0.0, 0.1, 0.0, 0.0, 3.0, 1.0),
(46, 100, 30, 5.0, 1.5, 1.0, 0.0, 0.1, 0.0, 0.0, 3.0, 1.0),
(47, 100, 22, 4.0, 1.0, 1.0, 0.0, 0.1, 0.0, 0.0, 2.0, 1.0),
(48, 100, 19, 3.0, 0.8, 1.0, 0.0, 0.1, 0.0, 0.0, 2.0, 1.0),
(49, 100, 20, 4.0, 0.9, 1.0, 0.0, 0.1, 0.0, 0.0, 2.0, 1.0),
(50, 100, 25, 5.0, 1.0, 2.0, 0.0, 0.2, 0.0, 0.0, 2.0, 2.0),
(51, 100, 59, 11.0, 3.0, 6.0, 0.0, 0.3, 0.1, 0.0, 3.0, 2.0),
(52, 100, 42, 9.0, 2.0, 4.0, 0.0, 0.2, 0.1, 0.0, 3.0, 2.0),
(53, 100, 27, 5.0, 1.0, 2.0, 0.0, 0.1, 0.0, 0.0, 2.0, 1.0),
(54, 100, 15, 3.0, 0.5, 1.0, 0.0, 0.0, 0.0, 0.0, 2.0, 1.0),
(55, 100, 22, 4.0, 1.0, 1.0, 0.0, 0.1, 0.0, 0.0, 2.0, 1.0),
(56, 100, 25, 5.0, 1.0, 2.0, 0.0, 0.2, 0.0, 0.0, 2.0, 2.0),
(57, 100, 105, 2.0, 12.0, 1.0, 0.0, 5.0, 3.0, 0.0, 3.0, 50.0),
(58, 100, 120, 3.0, 13.0, 2.0, 0.0, 4.0, 2.0, 0.0, 3.0, 45.0),
(59, 100, 90, 2.0, 11.0, 1.0, 0.0, 3.0, 1.5, 0.0, 2.0, 40.0),
(60, 100, 80, 1.5, 10.0, 1.0, 0.0, 3.5, 2.0, 0.0, 2.0, 42.0),
(61, 100, 41, 8.0, 1.0, 5.0, 0.0, 0.1, 0.0, 0.0, 2.0, 1.0),
(62, 100, 35, 7.0, 1.0, 4.0, 0.0, 0.1, 0.0, 0.0, 2.0, 1.0),
(63, 100, 25, 5.0, 0.5, 2.0, 0.0, 0.1, 0.0, 0.0, 2.0, 1.0),
(64, 100, 27, 6.0, 0.5, 3.0, 0.0, 0.1, 0.0, 0.0, 2.0, 1.0),
(65, 100, 52, 10.0, 1.5, 6.0, 0.0, 0.2, 0.0, 0.0, 3.0, 2.0),
(66, 100, 31, 6.0, 1.0, 3.0, 0.0, 0.1, 0.0, 0.0, 2.0, 1.0),
(67, 100, 28, 5.0, 1.0, 2.0, 0.0, 0.1, 0.0, 0.0, 2.0, 1.0),
(68, 100, 25, 4.0, 1.0, 2.0, 0.0, 0.1, 0.0, 0.0, 2.0, 1.0),
(69, 100, 23, 3.0, 0.8, 1.0, 0.0, 0.1, 0.0, 0.0, 2.0, 1.0),
(70, 100, 160, 8.0, 2.0, 5.0, 0.0, 12.0, 2.0, 0.0, 3.0, 5.0),
(71, 100, 42, 10.0, 1.5, 6.0, 0.0, 0.2, 0.0, 0.0, 3.0, 1.0),
(72, 100, 34, 8.0, 1.0, 5.0, 0.0, 0.1, 0.0, 0.0, 2.0, 1.0),
(73, 100, 21, 5.0, 0.8, 2.0, 0.0, 0.1, 0.0, 0.0, 2.0, 1.0),
(74, 100, 45, 12.0, 1.5, 7.0, 0.0, 0.2, 0.0, 0.0, 3.0, 2.0),
(75, 100, 65, 18.0, 2.0, 10.0, 0.0, 1.0, 0.0, 0.0, 4.0, 2.0),
(76, 100, 38, 7.0, 1.5, 3.0, 0.0, 0.2, 0.0, 0.0, 2.0, 1.0),
(77, 100, 42, 9.0, 1.0, 5.0, 0.0, 0.2, 0.0, 0.0, 3.0, 1.0),
(78, 100, 50, 11.0, 1.2, 6.0, 0.0, 0.3, 0.0, 0.0, 3.0, 1.0),
(79, 100, 33, 8.0, 1.0, 4.0, 0.0, 0.2, 0.0, 0.0, 2.0, 1.0),
(80, 100, 20, 4.0, 0.5, 2.0, 0.0, 0.1, 0.0, 0.0, 1.0, 1.0),
(81, 100, 40, 9.0, 1.0, 6.0, 0.0, 0.2, 0.0, 0.0, 3.0, 1.0),
(82, 100, 31, 7.0, 0.8, 4.0, 0.0, 0.2, 0.0, 0.0, 2.0, 1.0),
(83, 100, 150, 12.0, 8.0, 7.0, 0.0, 7.0, 3.0, 0.0, 3.0, 80.0),
(84, 100, 75, 1.0, 10.0, 0.0, 0.0, 3.0, 1.5, 0.0, 0.0, 55.0),
(85, 100, 402, 50.0, 8.0, 20.0, 0.0, 18.0, 2.0, 0.0, 6.0, 2.0),
(86, 100, 110, 20.0, 4.0, 10.0, 0.0, 1.0, 0.2, 0.0, 3.0, 2.0),
(87, 100, 350, 70.0, 10.0, 30.0, 0.0, 2.0, 0.5, 0.0, 6.0, 3.0),
(88, 100, 304, 60.0, 9.0, 25.0, 0.0, 4.0, 0.7, 0.0, 5.0, 2.0),
(89, 100, 64, 8.0, 3.0, 6.0, 0.0, 3.0, 1.5, 0.0, 2.0, 1.0),
(90, 100, 65, 7.0, 2.5, 5.0, 0.0, 3.5, 1.8, 0.0, 2.0, 1.0),
(91, 100, 208, 0.0, 25.0, 0.0, 0.0, 12.0, 2.0, 0.0, 0.0, 90.0),
(92, 100, 61, 4.7, 3.5, 4.7, 0.0, 3.3, 2.1, 0.0, 0.0, 46.0),
(93, 100, 89, 23.0, 1.1, 12.0, 0.0, 0.3, 0.1, 0.0, 3.0, 1.0),
(94, 100, 120, 28.0, 3.0, 14.0, 0.0, 3.0, 0.5, 0.0, 7.0, 6.0),
(95, 100, 100, 15.0, 5.0, 8.0, 0.0, 4.0, 1.5, 0.0, 4.0, 5.0),
(96, 100, 75, 5.0, 2.0, 2.0, 0.0, 3.5, 1.5, 0.0, 2.0, 1.0),
(97, 100, 45, 10.0, 1.0, 5.0, 0.0, 0.2, 0.0, 0.0, 2.0, 2.0),
(98, 100, 50, 12.0, 1.2, 6.0, 0.0, 0.3, 0.0, 0.0, 3.0, 2.0),
(99, 100, 89, 23.0, 1.1, 12.0, 0.0, 0.3, 0.1, 0.0, 3.0, 1.0),
(100, 100, 25, 5.0, 1.0, 2.0, 0.0, 0.1, 0.0, 0.0, 2.0, 1.0);

SELECT * FROM T_LS_USUARIO;

SELECT * FROM T_LS_PUBLICACAO;
SELECT * FROM T_LS_INTERACAO;

SELECT * FROM T_LS_TREINO;
SELECT * FROM T_LS_CATEGORIA;
SELECT * FROM T_LS_EXERCICIO;
SELECT * FROM T_LS_TREINO_EXERCICIO;

SELECT * FROM T_LS_GRUPO;
SELECT * FROM T_LS_GRUPO_USUARIO;
SELECT * FROM T_LS_INTERACAO_GRUPO;

SELECT * FROM T_LS_CONEXAO;
SELECT * FROM T_LS_AGENDA;

SELECT * FROM T_LS_ACOMPANHAMENTO;
SELECT * FROM T_LS_METRICA_CORPORAL;
SELECT * FROM T_LS_REFEICAO;

SELECT * FROM T_LS_ALIMENTO;
SELECT * FROM T_LS_INFORMACAO_NUTRICIONAL;

SELECT * FROM T_LS_REFEICAO_ALIMENTO;
